,onset,trial_type,duration
1,1.2358503611014526,cue_cti_stim_valid_cue_400,1.5
4,3.7509309475955797,cue_cti_stim_invalid_cue_400,1.5
7,6.271661793273888,cue_cti_stim_invalid_cue_400,1.5
10,9.216906397166591,cue_cti_stim_double_cue_400,1.5
13,12.015838607979608,cue_cti_stim_double_cue_400,1.5
16,14.760965182104142,cue_cti_stim_no_cue_400,1.5
19,17.34971093999336,cue_cti_stim_no_cue_400,1.5
22,20.130484465503077,cue_cti_stim_double_cue_400,1.5
25,23.532575203743665,cue_cti_stim_invalid_cue_400,1.5
28,26.783985568123775,cue_cti_stim_valid_cue_400,1.5
31,29.68835935600867,cue_cti_stim_double_cue_400,1.5
34,32.899942122413,cue_cti_stim_double_cue_400,1.5
37,35.91062428718306,cue_cti_stim_valid_cue_400,1.5
40,38.45294156635767,cue_cti_stim_valid_cue_400,1.5
43,41.74648637542912,cue_cti_stim_double_cue_400,1.5
46,44.83717419569667,cue_cti_stim_valid_cue_400,1.5
49,47.452391643193565,cue_cti_stim_no_cue_400,1.5
52,50.0622945232546,cue_cti_stim_no_cue_400,1.5
55,52.56398489524264,cue_cti_stim_invalid_cue_400,1.5
58,55.16856942783487,cue_cti_stim_double_cue_400,1.5
61,58.01965794639673,cue_cti_stim_valid_cue_400,1.5
64,61.0203508921885,cue_cti_stim_no_cue_400,1.5
67,63.63010469202622,cue_cti_stim_valid_cue_400,1.5
70,66.83159690555507,cue_cti_stim_valid_cue_400,1.5
73,69.42713002616392,cue_cti_stim_valid_cue_400,1.5
76,72.3377394574154,cue_cti_stim_no_cue_400,1.5
79,76.2450439216104,cue_cti_stim_no_cue_400,1.5
82,78.85529080663062,cue_cti_stim_double_cue_400,1.5
85,81.61107965757367,cue_cti_stim_valid_cue_400,1.5
88,84.93412078282626,cue_cti_stim_no_cue_400,1.5
91,88.6789087120419,cue_cti_stim_valid_cue_400,1.5
94,91.24566993364739,cue_cti_stim_no_cue_400,1.5
97,93.86773760160642,cue_cti_stim_no_cue_400,1.5
100,96.95607999658337,cue_cti_stim_no_cue_400,1.5
103,99.6712184255117,cue_cti_stim_double_cue_400,1.5
106,102.38885217312689,cue_cti_stim_double_cue_400,1.5
109,104.96663108220426,cue_cti_stim_double_cue_400,1.5
112,108.2030348012255,cue_cti_stim_double_cue_400,1.5
115,111.0104736994653,cue_cti_stim_no_cue_400,1.5
118,114.02072447342273,cue_cti_stim_valid_cue_400,1.5
121,117.06691490069173,cue_cti_stim_valid_cue_400,1.5
124,120.43723768165333,cue_cti_stim_double_cue_400,1.5
127,122.97557216375478,cue_cti_stim_no_cue_400,1.5
130,125.51777459288829,cue_cti_stim_double_cue_400,1.5
133,128.0507725632424,cue_cti_stim_double_cue_400,1.5
136,131.3187319822234,cue_cti_stim_valid_cue_400,1.5
139,135.2244094742954,cue_cti_stim_no_cue_400,1.5
142,137.7416979272869,cue_cti_stim_no_cue_400,1.5
145,140.7183378540575,cue_cti_stim_invalid_cue_400,1.5
148,143.38516137005854,cue_cti_stim_double_cue_400,1.5
151,146.08751338453055,cue_cti_stim_double_cue_400,1.5
154,149.03441563304796,cue_cti_stim_no_cue_400,1.5
157,152.3315949329359,cue_cti_stim_double_cue_400,1.5
160,154.86819500863007,cue_cti_stim_double_cue_400,1.5
163,158.04744449032813,cue_cti_stim_no_cue_400,1.5
166,160.57021388553414,cue_cti_stim_no_cue_400,1.5
169,163.3529300477947,cue_cti_stim_no_cue_400,1.5
172,165.91757481245284,cue_cti_stim_double_cue_400,1.5
175,168.42459920143594,cue_cti_stim_valid_cue_400,1.5
178,172.30572663368443,cue_cti_stim_no_cue_400,1.5
181,175.11240503995896,cue_cti_stim_invalid_cue_400,1.5
184,177.66558020619982,cue_cti_stim_double_cue_400,1.5
187,180.66204662310304,cue_cti_stim_no_cue_400,1.5
190,183.6275803767633,cue_cti_stim_no_cue_400,1.5
193,186.7668069035081,cue_cti_stim_valid_cue_400,1.5
196,189.49236943940372,cue_cti_stim_valid_cue_400,1.5
199,193.08269662599824,cue_cti_stim_double_cue_400,1.5
202,195.6626023777961,cue_cti_stim_no_cue_400,1.5
205,199.54735560339955,cue_cti_stim_valid_cue_400,1.5
208,202.18103964739154,cue_cti_stim_double_cue_400,1.5
211,205.01807581000998,cue_cti_stim_double_cue_400,1.5
214,207.585090558198,cue_cti_stim_no_cue_400,1.5
217,215.585090558198,break_message,4.0
220,227.62480851400878,cue_cti_stim_valid_cue_400,1.5
223,230.2580391138618,cue_cti_stim_double_cue_400,1.5
226,233.03237266062197,cue_cti_stim_valid_cue_400,1.5
229,235.97856892849262,cue_cti_stim_no_cue_400,1.5
232,238.99156379794363,cue_cti_stim_double_cue_400,1.5
235,241.6356950755659,cue_cti_stim_invalid_cue_400,1.5
238,247.5680038922273,cue_cti_stim_double_cue_400,1.5
241,251.09812355228118,cue_cti_stim_double_cue_400,1.5
244,253.6197491361199,cue_cti_stim_no_cue_400,1.5
247,257.3436285670405,cue_cti_stim_valid_cue_400,1.5
250,260.21369134871975,cue_cti_stim_double_cue_400,1.5
253,262.9612287923082,cue_cti_stim_valid_cue_400,1.5
256,266.3555421606516,cue_cti_stim_double_cue_400,1.5
259,269.00965403560025,cue_cti_stim_no_cue_400,1.5
262,272.76450066521335,cue_cti_stim_no_cue_400,1.5
265,275.60583723126587,cue_cti_stim_double_cue_400,1.5
268,278.24440625521265,cue_cti_stim_valid_cue_400,1.5
271,281.28466747618387,cue_cti_stim_no_cue_400,1.5
274,284.14764498767613,cue_cti_stim_double_cue_400,1.5
277,286.66055008109834,cue_cti_stim_no_cue_400,1.5
280,289.6297752575576,cue_cti_stim_no_cue_400,1.5
283,292.5690875562908,cue_cti_stim_no_cue_400,1.5
286,295.7705725263713,cue_cti_stim_valid_cue_400,1.5
289,298.998949180092,cue_cti_stim_invalid_cue_400,1.5
292,301.79903870601623,cue_cti_stim_no_cue_400,1.5
295,305.4703231188008,cue_cti_stim_valid_cue_400,1.5
298,310.44128518795844,cue_cti_stim_double_cue_400,1.5
301,314.49222248825646,cue_cti_stim_no_cue_400,1.5
304,317.63175550319454,cue_cti_stim_no_cue_400,1.5
307,320.22092303123594,cue_cti_stim_double_cue_400,1.5
310,322.912548334262,cue_cti_stim_no_cue_400,1.5
313,325.981146689625,cue_cti_stim_valid_cue_400,1.5
316,328.5321937030118,cue_cti_stim_invalid_cue_400,1.5
319,331.3143081076922,cue_cti_stim_valid_cue_400,1.5
322,333.91488877413354,cue_cti_stim_valid_cue_400,1.5
325,336.57555166825625,cue_cti_stim_valid_cue_400,1.5
328,340.2479301941352,cue_cti_stim_double_cue_400,1.5
331,342.9823851740807,cue_cti_stim_double_cue_400,1.5
334,345.7778296446811,cue_cti_stim_no_cue_400,1.5
337,348.7793153830806,cue_cti_stim_double_cue_400,1.5
340,351.5426949315706,cue_cti_stim_double_cue_400,1.5
343,354.8645980854176,cue_cti_stim_double_cue_400,1.5
346,357.4609395966938,cue_cti_stim_no_cue_400,1.5
349,360.22353215167294,cue_cti_stim_double_cue_400,1.5
352,363.108406855424,cue_cti_stim_invalid_cue_400,1.5
355,365.74104044042286,cue_cti_stim_double_cue_400,1.5
358,368.61799735813173,cue_cti_stim_no_cue_400,1.5
361,371.3265638803701,cue_cti_stim_no_cue_400,1.5
364,374.57753950206006,cue_cti_stim_invalid_cue_400,1.5
367,377.9671581382738,cue_cti_stim_no_cue_400,1.5
370,380.6455638974044,cue_cti_stim_invalid_cue_400,1.5
373,383.16960285568973,cue_cti_stim_no_cue_400,1.5
376,386.52358679665775,cue_cti_stim_no_cue_400,1.5
379,389.11057274605236,cue_cti_stim_valid_cue_400,1.5
382,391.787997703854,cue_cti_stim_no_cue_400,1.5
385,394.64166338280376,cue_cti_stim_valid_cue_400,1.5
388,397.4713968287512,cue_cti_stim_double_cue_400,1.5
391,399.9856845813493,cue_cti_stim_valid_cue_400,1.5
394,404.6054944867238,cue_cti_stim_double_cue_400,1.5
397,407.1421213758308,cue_cti_stim_double_cue_400,1.5
400,410.0540183489091,cue_cti_stim_no_cue_400,1.5
403,412.72648675774224,cue_cti_stim_double_cue_400,1.5
406,415.48450255111794,cue_cti_stim_valid_cue_400,1.5
409,418.24014716611214,cue_cti_stim_double_cue_400,1.5
412,420.884516887809,cue_cti_stim_valid_cue_400,1.5
415,423.5544266077303,cue_cti_stim_valid_cue_400,1.5
418,426.51500452442696,cue_cti_stim_no_cue_400,1.5
421,429.3662986565757,cue_cti_stim_no_cue_400,1.5
424,433.6558699448515,cue_cti_stim_double_cue_400,1.5
427,436.46870659658515,cue_cti_stim_no_cue_400,1.5
430,439.6245880082499,cue_cti_stim_double_cue_400,1.5
433,443.3334762990002,cue_cti_stim_valid_cue_400,1.5
436,451.3334762990002,break_message,4.0
439,462.35216654716845,cue_cti_stim_double_cue_400,1.5
442,465.10603379897196,cue_cti_stim_valid_cue_400,1.5
445,467.70051899585906,cue_cti_stim_valid_cue_400,1.5
448,470.22659968064164,cue_cti_stim_invalid_cue_400,1.5
451,473.18156872701184,cue_cti_stim_no_cue_400,1.5
454,476.00151869985905,cue_cti_stim_valid_cue_400,1.5
457,478.71418857635433,cue_cti_stim_valid_cue_400,1.5
460,481.2735383185788,cue_cti_stim_no_cue_400,1.5
463,484.07246838398527,cue_cti_stim_double_cue_400,1.5
466,487.1487249147676,cue_cti_stim_double_cue_400,1.5
469,489.66479256500094,cue_cti_stim_invalid_cue_400,1.5
472,493.61144236425383,cue_cti_stim_no_cue_400,1.5
475,496.5979994103339,cue_cti_stim_double_cue_400,1.5
478,499.70619162731595,cue_cti_stim_double_cue_400,1.5
481,502.83806645348204,cue_cti_stim_no_cue_400,1.5
484,506.1532658137528,cue_cti_stim_no_cue_400,1.5
487,508.884861059772,cue_cti_stim_no_cue_400,1.5
490,511.8750744117788,cue_cti_stim_double_cue_400,1.5
493,514.9847364109673,cue_cti_stim_valid_cue_400,1.5
496,517.6977577450716,cue_cti_stim_double_cue_400,1.5
499,520.2010035169786,cue_cti_stim_valid_cue_400,1.5
502,523.2159742305695,cue_cti_stim_no_cue_400,1.5
505,525.7512045880856,cue_cti_stim_no_cue_400,1.5
508,528.5066458589735,cue_cti_stim_no_cue_400,1.5
511,532.4562822360837,cue_cti_stim_double_cue_400,1.5
514,534.996665946875,cue_cti_stim_double_cue_400,1.5
517,537.687967140553,cue_cti_stim_double_cue_400,1.5
520,540.8874468788002,cue_cti_stim_double_cue_400,1.5
523,543.4927901861926,cue_cti_stim_double_cue_400,1.5
526,545.9957197834269,cue_cti_stim_double_cue_400,1.5
529,548.7418214538467,cue_cti_stim_valid_cue_400,1.5
532,551.605940684656,cue_cti_stim_no_cue_400,1.5
535,554.6775635209217,cue_cti_stim_invalid_cue_400,1.5
538,557.2056969032695,cue_cti_stim_no_cue_400,1.5
541,560.1906148788638,cue_cti_stim_no_cue_400,1.5
544,562.6989779307821,cue_cti_stim_double_cue_400,1.5
547,565.2656041490479,cue_cti_stim_double_cue_400,1.5
550,568.134153801061,cue_cti_stim_valid_cue_400,1.5
553,570.8247309436921,cue_cti_stim_valid_cue_400,1.5
556,573.4862181780866,cue_cti_stim_valid_cue_400,1.5
559,576.1048514255223,cue_cti_stim_valid_cue_400,1.5
562,578.6586694748528,cue_cti_stim_no_cue_400,1.5
565,582.1947073409923,cue_cti_stim_double_cue_400,1.5
568,585.9785116202082,cue_cti_stim_double_cue_400,1.5
571,588.7493218356112,cue_cti_stim_double_cue_400,1.5
574,592.0125430499336,cue_cti_stim_no_cue_400,1.5
577,594.9315371092537,cue_cti_stim_valid_cue_400,1.5
580,597.557972736853,cue_cti_stim_no_cue_400,1.5
583,600.4253648491436,cue_cti_stim_double_cue_400,1.5
586,602.9433363387831,cue_cti_stim_no_cue_400,1.5
589,605.516633072438,cue_cti_stim_valid_cue_400,1.5
592,608.1332476241787,cue_cti_stim_double_cue_400,1.5
595,610.9051981895121,cue_cti_stim_invalid_cue_400,1.5
598,613.7482966001014,cue_cti_stim_invalid_cue_400,1.5
601,616.570601628713,cue_cti_stim_no_cue_400,1.5
604,619.5832349018123,cue_cti_stim_valid_cue_400,1.5
607,622.1182578000594,cue_cti_stim_no_cue_400,1.5
610,625.1962161350236,cue_cti_stim_double_cue_400,1.5
613,627.7947623819189,cue_cti_stim_no_cue_400,1.5
616,630.5262905780108,cue_cti_stim_valid_cue_400,1.5
619,633.0971120615774,cue_cti_stim_valid_cue_400,1.5
622,635.7164340920068,cue_cti_stim_double_cue_400,1.5
625,638.8883604498077,cue_cti_stim_double_cue_400,1.5
628,641.5747215656315,cue_cti_stim_double_cue_400,1.5
631,644.7149950512882,cue_cti_stim_no_cue_400,1.5
634,647.5059516549134,cue_cti_stim_no_cue_400,1.5
637,650.5581290671811,cue_cti_stim_valid_cue_400,1.5
640,653.520662701451,cue_cti_stim_no_cue_400,1.5
643,656.1927210877457,cue_cti_stim_invalid_cue_400,1.5
646,659.0529592557314,cue_cti_stim_valid_cue_400,1.5
649,661.9934672779393,cue_cti_stim_no_cue_400,1.5
652,664.6900153296303,cue_cti_stim_no_cue_400,1.5
655,672.6900153296303,break_message,4.0
