,onset,trial_type,duration
1,0.8809972019413003,cue_cti_stim_invalid_cue_400,1.5
4,3.417355956111995,cue_cti_stim_no_cue_400,1.5
7,6.3323442602404105,cue_cti_stim_double_cue_400,1.5
10,11.862061574941483,cue_cti_stim_double_cue_400,1.5
13,15.481662290221228,cue_cti_stim_valid_cue_400,1.5
16,18.332813645504515,cue_cti_stim_no_cue_400,1.5
19,21.004348282397636,cue_cti_stim_no_cue_400,1.5
22,24.109625439660622,cue_cti_stim_valid_cue_400,1.5
25,27.008709980021074,cue_cti_stim_double_cue_400,1.5
28,29.528900822509925,cue_cti_stim_valid_cue_400,1.5
31,32.07048329521827,cue_cti_stim_valid_cue_400,1.5
34,36.22455309297166,cue_cti_stim_valid_cue_400,1.5
37,39.71962795227184,cue_cti_stim_double_cue_400,1.5
40,42.286074600773816,cue_cti_stim_double_cue_400,1.5
43,45.11339227600579,cue_cti_stim_invalid_cue_400,1.5
46,49.23246151604799,cue_cti_stim_valid_cue_400,1.5
49,51.99431898294332,cue_cti_stim_no_cue_400,1.5
52,54.75352168037148,cue_cti_stim_invalid_cue_400,1.5
55,57.773866449506905,cue_cti_stim_no_cue_400,1.5
58,60.42387460748633,cue_cti_stim_valid_cue_400,1.5
61,64.04377932884032,cue_cti_stim_invalid_cue_400,1.5
64,66.66698057422416,cue_cti_stim_double_cue_400,1.5
67,69.60169594940935,cue_cti_stim_double_cue_400,1.5
70,72.40794977544172,cue_cti_stim_double_cue_400,1.5
73,74.95611300227458,cue_cti_stim_no_cue_400,1.5
76,77.55765994902094,cue_cti_stim_double_cue_400,1.5
79,80.64497004232172,cue_cti_stim_double_cue_400,1.5
82,83.57231634319793,cue_cti_stim_valid_cue_400,1.5
85,87.06657029643436,cue_cti_stim_double_cue_400,1.5
88,90.04364999629695,cue_cti_stim_no_cue_400,1.5
91,92.85712360789519,cue_cti_stim_double_cue_400,1.5
94,95.94836894158749,cue_cti_stim_no_cue_400,1.5
97,98.45076313017442,cue_cti_stim_invalid_cue_400,1.5
100,101.45595682520545,cue_cti_stim_valid_cue_400,1.5
103,104.10616217754824,cue_cti_stim_valid_cue_400,1.5
106,107.61583514796405,cue_cti_stim_no_cue_400,1.5
109,110.39933291614787,cue_cti_stim_no_cue_400,1.5
112,114.43728810723566,cue_cti_stim_double_cue_400,1.5
115,117.1434682259876,cue_cti_stim_no_cue_400,1.5
118,119.83481486363743,cue_cti_stim_valid_cue_400,1.5
121,122.81419510016062,cue_cti_stim_valid_cue_400,1.5
124,125.54062592191451,cue_cti_stim_no_cue_400,1.5
127,128.3677148954306,cue_cti_stim_valid_cue_400,1.5
130,130.99449609566616,cue_cti_stim_valid_cue_400,1.5
133,133.7896701134387,cue_cti_stim_no_cue_400,1.5
136,136.44197267004392,cue_cti_stim_double_cue_400,1.5
139,139.73174048164307,cue_cti_stim_valid_cue_400,1.5
142,142.4264644998434,cue_cti_stim_no_cue_400,1.5
145,145.1128543567561,cue_cti_stim_double_cue_400,1.5
148,147.71121770225238,cue_cti_stim_no_cue_400,1.5
151,150.72037510710578,cue_cti_stim_double_cue_400,1.5
154,153.86028967826067,cue_cti_stim_valid_cue_400,1.5
157,156.77184105240244,cue_cti_stim_double_cue_400,1.5
160,159.34724764610982,cue_cti_stim_no_cue_400,1.5
163,162.23186570877425,cue_cti_stim_double_cue_400,1.5
166,164.88557728380513,cue_cti_stim_invalid_cue_400,1.5
169,167.75441144468263,cue_cti_stim_double_cue_400,1.5
172,170.3264665659359,cue_cti_stim_valid_cue_400,1.5
175,174.4502843491864,cue_cti_stim_double_cue_400,1.5
178,176.9550190480636,cue_cti_stim_no_cue_400,1.5
181,180.41432098725218,cue_cti_stim_double_cue_400,1.5
184,183.2518521418094,cue_cti_stim_no_cue_400,1.5
187,188.9442238807236,cue_cti_stim_no_cue_400,1.5
190,192.36329039404953,cue_cti_stim_no_cue_400,1.5
193,195.1751882803379,cue_cti_stim_double_cue_400,1.5
196,199.40551311238684,cue_cti_stim_double_cue_400,1.5
199,202.06437605788767,cue_cti_stim_no_cue_400,1.5
202,205.2248997629815,cue_cti_stim_valid_cue_400,1.5
205,207.95140499663393,cue_cti_stim_no_cue_400,1.5
208,210.8248738016391,cue_cti_stim_no_cue_400,1.5
211,213.7327513713726,cue_cti_stim_double_cue_400,1.5
214,217.44239568685984,cue_cti_stim_no_cue_400,1.5
217,225.44239568685984,break_message,4.0
220,236.85850958043352,cue_cti_stim_invalid_cue_400,1.5
223,240.3127502371464,cue_cti_stim_valid_cue_400,1.5
226,243.0998397001735,cue_cti_stim_double_cue_400,1.5
229,246.68755737247,cue_cti_stim_double_cue_400,1.5
232,249.30982655114428,cue_cti_stim_double_cue_400,1.5
235,252.7979492268995,cue_cti_stim_double_cue_400,1.5
238,256.58863690264184,cue_cti_stim_valid_cue_400,1.5
241,260.9770674108354,cue_cti_stim_valid_cue_400,1.5
244,263.52640100225847,cue_cti_stim_no_cue_400,1.5
247,266.3127497966317,cue_cti_stim_double_cue_400,1.5
250,268.817400374419,cue_cti_stim_no_cue_400,1.5
253,271.41361063903753,cue_cti_stim_no_cue_400,1.5
256,273.9991138940959,cue_cti_stim_no_cue_400,1.5
259,277.8682196365381,cue_cti_stim_no_cue_400,1.5
262,281.0921555660591,cue_cti_stim_double_cue_400,1.5
265,284.35429270219515,cue_cti_stim_no_cue_400,1.5
268,287.1412664077342,cue_cti_stim_valid_cue_400,1.5
271,290.2564172831732,cue_cti_stim_no_cue_400,1.5
274,293.7472946702278,cue_cti_stim_valid_cue_400,1.5
277,296.6209778125615,cue_cti_stim_invalid_cue_400,1.5
280,299.16469355763155,cue_cti_stim_double_cue_400,1.5
283,301.9147465335178,cue_cti_stim_double_cue_400,1.5
286,304.7209219744949,cue_cti_stim_no_cue_400,1.5
289,307.6472888851835,cue_cti_stim_double_cue_400,1.5
292,310.3243047836792,cue_cti_stim_no_cue_400,1.5
295,312.9607500837232,cue_cti_stim_valid_cue_400,1.5
298,315.8185827449601,cue_cti_stim_double_cue_400,1.5
301,318.7537282056747,cue_cti_stim_double_cue_400,1.5
304,322.12824262021996,cue_cti_stim_valid_cue_400,1.5
307,325.0156956710767,cue_cti_stim_valid_cue_400,1.5
310,328.0432875707284,cue_cti_stim_no_cue_400,1.5
313,330.68024836661084,cue_cti_stim_no_cue_400,1.5
316,333.33626908215143,cue_cti_stim_valid_cue_400,1.5
319,335.9590508765372,cue_cti_stim_invalid_cue_400,1.5
322,338.57819468805934,cue_cti_stim_double_cue_400,1.5
325,341.1913624204576,cue_cti_stim_valid_cue_400,1.5
328,344.93890538368277,cue_cti_stim_double_cue_400,1.5
331,347.90638382906496,cue_cti_stim_double_cue_400,1.5
334,350.90444952415413,cue_cti_stim_no_cue_400,1.5
337,353.53149159038117,cue_cti_stim_no_cue_400,1.5
340,356.3525160986675,cue_cti_stim_no_cue_400,1.5
343,360.2609678053593,cue_cti_stim_no_cue_400,1.5
346,364.80821118488217,cue_cti_stim_no_cue_400,1.5
349,367.375543715166,cue_cti_stim_invalid_cue_400,1.5
352,370.7632556427044,cue_cti_stim_double_cue_400,1.5
355,373.94667417739487,cue_cti_stim_no_cue_400,1.5
358,376.8341435096085,cue_cti_stim_no_cue_400,1.5
361,379.4861342203141,cue_cti_stim_no_cue_400,1.5
364,382.77638204467473,cue_cti_stim_double_cue_400,1.5
367,386.3725409068568,cue_cti_stim_invalid_cue_400,1.5
370,389.20979807317735,cue_cti_stim_no_cue_400,1.5
373,392.4641235516063,cue_cti_stim_valid_cue_400,1.5
376,395.1092250795667,cue_cti_stim_double_cue_400,1.5
379,398.03145053918746,cue_cti_stim_valid_cue_400,1.5
382,401.5019992273874,cue_cti_stim_no_cue_400,1.5
385,404.3388724679821,cue_cti_stim_double_cue_400,1.5
388,407.49031675476584,cue_cti_stim_no_cue_400,1.5
391,410.1636487000392,cue_cti_stim_double_cue_400,1.5
394,414.7318438288127,cue_cti_stim_valid_cue_400,1.5
397,417.3734567986892,cue_cti_stim_valid_cue_400,1.5
400,420.2592710875962,cue_cti_stim_valid_cue_400,1.5
403,423.43942706110676,cue_cti_stim_no_cue_400,1.5
406,426.4498642137901,cue_cti_stim_valid_cue_400,1.5
409,429.22508799414516,cue_cti_stim_double_cue_400,1.5
412,432.0743482193213,cue_cti_stim_double_cue_400,1.5
415,434.8085064358524,cue_cti_stim_double_cue_400,1.5
418,437.4157486134973,cue_cti_stim_invalid_cue_400,1.5
421,440.0542230284563,cue_cti_stim_valid_cue_400,1.5
424,442.6302382536809,cue_cti_stim_double_cue_400,1.5
427,447.1426615827369,cue_cti_stim_valid_cue_400,1.5
430,450.236585778125,cue_cti_stim_double_cue_400,1.5
433,453.3254154167858,cue_cti_stim_no_cue_400,1.5
436,461.3254154167858,break_message,4.0
439,472.4719193870558,cue_cti_stim_valid_cue_400,1.5
442,474.9794664330226,cue_cti_stim_no_cue_400,1.5
445,477.9301984117204,cue_cti_stim_valid_cue_400,1.5
448,480.70075004641296,cue_cti_stim_no_cue_400,1.5
451,483.26426740514967,cue_cti_stim_double_cue_400,1.5
454,485.98356113573533,cue_cti_stim_no_cue_400,1.5
457,488.4874589273312,cue_cti_stim_double_cue_400,1.5
460,491.12434289765304,cue_cti_stim_double_cue_400,1.5
463,493.79158938376577,cue_cti_stim_valid_cue_400,1.5
466,496.6149886960482,cue_cti_stim_double_cue_400,1.5
469,499.28441718823547,cue_cti_stim_double_cue_400,1.5
472,502.2511827676446,cue_cti_stim_double_cue_400,1.5
475,504.7951607669717,cue_cti_stim_valid_cue_400,1.5
478,507.5087691027724,cue_cti_stim_valid_cue_400,1.5
481,510.54239064441754,cue_cti_stim_no_cue_400,1.5
484,513.3014896552951,cue_cti_stim_valid_cue_400,1.5
487,517.1936039595593,cue_cti_stim_invalid_cue_400,1.5
490,520.043561183944,cue_cti_stim_invalid_cue_400,1.5
493,522.5916838353586,cue_cti_stim_valid_cue_400,1.5
496,525.7004940247799,cue_cti_stim_no_cue_400,1.5
499,528.5720615110178,cue_cti_stim_no_cue_400,1.5
502,531.4064449329516,cue_cti_stim_valid_cue_400,1.5
505,534.0511878302021,cue_cti_stim_no_cue_400,1.5
508,536.5591890448402,cue_cti_stim_double_cue_400,1.5
511,539.0865461828133,cue_cti_stim_double_cue_400,1.5
514,541.8661018463372,cue_cti_stim_valid_cue_400,1.5
517,544.456106164483,cue_cti_stim_invalid_cue_400,1.5
520,547.0280784634359,cue_cti_stim_valid_cue_400,1.5
523,550.2958981117096,cue_cti_stim_no_cue_400,1.5
526,553.0265408818564,cue_cti_stim_valid_cue_400,1.5
529,555.5887056092602,cue_cti_stim_valid_cue_400,1.5
532,558.2561925221204,cue_cti_stim_valid_cue_400,1.5
535,560.8103750116007,cue_cti_stim_no_cue_400,1.5
538,563.5300263644418,cue_cti_stim_no_cue_400,1.5
541,566.3723953883986,cue_cti_stim_double_cue_400,1.5
544,569.565167664014,cue_cti_stim_no_cue_400,1.5
547,572.146103525649,cue_cti_stim_no_cue_400,1.5
550,574.926016213029,cue_cti_stim_double_cue_400,1.5
553,578.7852531751962,cue_cti_stim_no_cue_400,1.5
556,581.3459968599476,cue_cti_stim_double_cue_400,1.5
559,584.3055619918863,cue_cti_stim_no_cue_400,1.5
562,587.118831747742,cue_cti_stim_double_cue_400,1.5
565,590.4654039480489,cue_cti_stim_valid_cue_400,1.5
568,593.0557816073776,cue_cti_stim_double_cue_400,1.5
571,595.9477490916371,cue_cti_stim_invalid_cue_400,1.5
574,598.6592226688762,cue_cti_stim_double_cue_400,1.5
577,601.2336911865528,cue_cti_stim_valid_cue_400,1.5
580,603.9424456473221,cue_cti_stim_valid_cue_400,1.5
583,606.5188715607436,cue_cti_stim_double_cue_400,1.5
586,609.3067416408659,cue_cti_stim_valid_cue_400,1.5
589,612.1946944196744,cue_cti_stim_no_cue_400,1.5
592,614.913227683846,cue_cti_stim_invalid_cue_400,1.5
595,617.4842762099447,cue_cti_stim_valid_cue_400,1.5
598,620.6114532968909,cue_cti_stim_double_cue_400,1.5
601,623.3462942617871,cue_cti_stim_no_cue_400,1.5
604,626.1963543310181,cue_cti_stim_double_cue_400,1.5
607,628.7372319162,cue_cti_stim_double_cue_400,1.5
610,631.2399922353019,cue_cti_stim_double_cue_400,1.5
613,634.0124260221495,cue_cti_stim_no_cue_400,1.5
616,637.0900003813736,cue_cti_stim_no_cue_400,1.5
619,639.7492063185935,cue_cti_stim_no_cue_400,1.5
622,642.9666655717607,cue_cti_stim_double_cue_400,1.5
625,645.7005881204384,cue_cti_stim_double_cue_400,1.5
628,648.2533628704332,cue_cti_stim_no_cue_400,1.5
631,650.8265068817668,cue_cti_stim_no_cue_400,1.5
634,654.2982232337322,cue_cti_stim_invalid_cue_400,1.5
637,657.2281829616836,cue_cti_stim_no_cue_400,1.5
640,659.7705142928563,cue_cti_stim_no_cue_400,1.5
643,662.5344606128438,cue_cti_stim_no_cue_400,1.5
646,665.4487722911676,cue_cti_stim_double_cue_400,1.5
649,668.0766097357155,cue_cti_stim_double_cue_400,1.5
652,671.3236267273862,cue_cti_stim_double_cue_400,1.5
655,679.3236267273862,break_message,4.0
